﻿O;Bằng cấp;Kinh nghiệm;Tiếng Anh;Lời giới thiệu;Tuyển dụng
O1;MBA;Trung bình;Không;Xuất sắc;Chấp nhận
O2;MBA;Ít;Không;Tốt;Chấp nhận
O3;MBA;Ít;Không;Bình thường;Từ chối
O4;MBA;Ít;Không;Xuất sắc;Từ chối
O5;MBA;Trung bình;Không;Bình thường;Từ chối
O6;MCE;Ít;Không;Tốt;Chấp nhận
O7;MBA;Nhiều;Biết;Tốt;Từ chối
O8;MBA;Trung bình;Biết;Xuất sắc;Từ chối
O9;MCE;Nhiều;Biết;Tốt;Chấp nhận
O10;MCE;Nhiều;Không;Bình thường;Chấp nhận
O11;MBA;Trung bình;Không;Tốt;Chấp nhận
O12;MSC;Nhiều;Không;Xuất sắc;Chấp nhận
